Year,Wins,Loss,Home Wins,Home Loss,Away Wins,Away Loss,HomePCT,AwayPCT,TotalPCT
1968,48,34,28,12,18,21,0.7,0.461538462,0.585365854
1969,48,34,25,13,18,16,0.657894737,0.529411765,0.585365854
1970,36,46,21,20,14,26,0.512195122,0.35,0.43902439
1971,36,46,22,19,13,26,0.536585366,0.333333333,0.43902439
1972,46,36,28,13,17,23,0.682926829,0.425,0.56097561
1973,35,47,23,18,12,25,0.56097561,0.324324324,0.426829268
1974,31,51,22,19,9,32,0.536585366,0.219512195,0.37804878
1975,29,53,20,21,9,32,0.487804878,0.219512195,0.353658537
1976,31,51,19,22,12,29,0.463414634,0.292682927,0.37804878
1977,41,41,29,12,12,29,0.707317073,0.292682927,0.5
1978,46,36,34,7,12,29,0.829268293,0.292682927,0.56097561
1979,50,32,32,9,18,23,0.780487805,0.43902439,0.609756098
1980,31,51,20,21,11,30,0.487804878,0.268292683,0.37804878
1981,42,40,24,17,18,23,0.585365854,0.43902439,0.512195122
1982,43,39,26,15,17,24,0.634146341,0.414634146,0.524390244
1983,40,42,31,10,9,32,0.756097561,0.219512195,0.487804878
1984,34,48,19,22,15,26,0.463414634,0.365853659,0.414634146
1985,50,32,34,7,16,25,0.829268293,0.390243902,0.609756098
1986,57,25,35,6,22,19,0.853658537,0.536585366,0.695121951
1987,50,32,30,11,20,21,0.731707317,0.487804878,0.609756098
1988,52,30,33,8,19,22,0.804878049,0.463414634,0.634146341
1989,41,41,25,16,16,25,0.609756098,0.390243902,0.5
1990,43,39,29,12,14,27,0.707317073,0.341463415,0.524390244
1991,38,44,23,18,15,26,0.56097561,0.365853659,0.463414634
1992,43,39,25,16,18,23,0.609756098,0.43902439,0.524390244
1993,57,25,36,5,21,20,0.87804878,0.512195122,0.695121951
1994,42,40,24,17,18,23,0.585365854,0.43902439,0.512195122
1995,46,36,26,15,20,21,0.634146341,0.487804878,0.56097561
1996,56,26,36,5,20,21,0.87804878,0.487804878,0.682926829
1997,50,32,29,12,21,20,0.707317073,0.512195122,0.609756098
1998,31,19,16,9,15,10,0.64,0.6,0.62
1999,28,54,21,20,7,34,0.512195122,0.170731707,0.341463415
2000,25,57,18,23,7,34,0.43902439,0.170731707,0.304878049
2001,33,49,23,18,10,31,0.56097561,0.243902439,0.402439024
2002,35,47,26,15,9,32,0.634146341,0.219512195,0.426829268
2003,28,54,18,23,10,31,0.43902439,0.243902439,0.341463415
2004,13,69,9,32,4,37,0.219512195,0.097560976,0.158536585
2005,26,56,18,23,8,33,0.43902439,0.195121951,0.317073171
2006,30,52,18,23,12,29,0.43902439,0.292682927,0.365853659
2007,37,45,25,16,12,29,0.609756098,0.292682927,0.451219512
2008,47,35,31,10,16,25,0.756097561,0.390243902,0.573170732
2009,53,29,34,7,19,22,0.829268293,0.463414634,0.646341463
2010,44,38,24,17,20,21,0.585365854,0.487804878,0.536585366
1950,24,42,21,11,3,25,0.65625,0.107142857,0.363636364
1951,20,46,17,15,2,22,0.53125,0.083333333,0.303030303
1952,16,54,11,20,1,19,0.35483871,0.05,0.228571429
1953,16,56,12,20,0,20,0.375,0,0.222222222
1963,31,49,20,19,8,21,0.512820513,0.275862069,0.3875
1964,37,43,23,14,12,19,0.621621622,0.387096774,0.4625
1965,38,42,29,9,4,25,0.763157895,0.137931034,0.475
1966,20,61,12,20,3,30,0.375,0.090909091,0.24691358
1967,36,46,17,19,12,23,0.472222222,0.342857143,0.43902439
1968,57,25,29,9,24,15,0.763157895,0.615384615,0.695121951
1969,50,32,25,12,19,18,0.675675676,0.513513514,0.609756098
1970,42,40,24,13,16,25,0.648648649,0.390243902,0.512195122
1971,38,44,18,15,16,24,0.545454545,0.4,0.463414634
1972,52,30,24,9,21,17,0.727272727,0.552631579,0.634146341
1950,39,30,26,6,9,22,0.8125,0.290322581,0.565217391
1951,39,27,22,7,10,19,0.75862069,0.344827586,0.590909091
1952,46,25,21,3,11,18,0.875,0.379310345,0.647887324
1953,42,30,16,6,11,19,0.727272727,0.366666667,0.583333333
1954,36,36,20,5,5,22,0.8,0.185185185,0.5
1955,39,33,20,7,12,15,0.740740741,0.444444444,0.541666667
1956,44,28,27,4,12,19,0.870967742,0.387096774,0.611111111
1957,49,23,25,4,17,13,0.862068966,0.566666667,0.680555556
1958,52,20,26,4,13,15,0.866666667,0.464285714,0.722222222
1959,59,16,25,2,23,9,0.925925926,0.71875,0.786666667
1960,57,22,21,7,24,11,0.75,0.685714286,0.721518987
1961,60,20,23,5,26,12,0.821428571,0.684210526,0.75
1962,58,22,25,5,21,16,0.833333333,0.567567568,0.725
1963,59,21,26,4,21,17,0.866666667,0.552631579,0.7375
1964,62,18,27,3,27,11,0.9,0.710526316,0.775
1965,54,26,26,5,19,18,0.838709677,0.513513514,0.675
1966,60,21,27,4,25,11,0.870967742,0.694444444,0.740740741
1967,54,28,28,9,20,16,0.756756757,0.555555556,0.658536585
1968,48,34,24,12,21,19,0.666666667,0.525,0.585365854
1969,34,48,16,21,13,27,0.432432432,0.325,0.414634146
1970,44,38,25,14,18,22,0.641025641,0.45,0.536585366
1971,56,26,32,9,21,16,0.780487805,0.567567568,0.682926829
1972,68,14,33,6,32,8,0.846153846,0.8,0.829268293
1973,56,26,26,6,21,18,0.8125,0.538461538,0.682926829
1974,60,22,28,13,32,9,0.682926829,0.780487805,0.731707317
1975,54,28,31,10,23,18,0.756097561,0.56097561,0.658536585
1976,44,38,28,13,16,25,0.682926829,0.390243902,0.536585366
1977,32,50,24,17,8,33,0.585365854,0.195121951,0.390243902
1978,29,53,21,20,8,33,0.512195122,0.195121951,0.353658537
1979,61,21,35,6,26,15,0.853658537,0.634146341,0.743902439
1980,62,20,35,6,27,14,0.853658537,0.658536585,0.756097561
1981,63,19,35,6,28,13,0.853658537,0.682926829,0.768292683
1982,56,26,33,8,23,18,0.804878049,0.56097561,0.682926829
1983,62,20,33,8,29,12,0.804878049,0.707317073,0.756097561
1984,63,19,35,6,28,13,0.853658537,0.682926829,0.768292683
1985,67,15,40,1,27,14,0.975609756,0.658536585,0.817073171
1986,59,23,39,2,20,21,0.951219512,0.487804878,0.719512195
1987,57,25,36,5,21,20,0.87804878,0.512195122,0.695121951
1988,42,40,32,9,10,31,0.780487805,0.243902439,0.512195122
1989,52,30,30,11,22,19,0.731707317,0.536585366,0.634146341
1990,56,26,35,6,21,20,0.853658537,0.512195122,0.682926829
1991,51,31,34,7,17,24,0.829268293,0.414634146,0.62195122
1992,48,34,28,13,20,21,0.682926829,0.487804878,0.585365854
1993,32,50,18,23,14,27,0.43902439,0.341463415,0.390243902
1994,35,47,20,21,15,26,0.487804878,0.365853659,0.426829268
1995,33,49,18,23,15,26,0.43902439,0.365853659,0.402439024
1996,15,67,11,30,4,37,0.268292683,0.097560976,0.182926829
1997,36,46,24,17,12,29,0.585365854,0.292682927,0.43902439
1998,19,31,10,15,9,16,0.4,0.36,0.38
1999,35,47,26,15,9,32,0.634146341,0.219512195,0.426829268
2000,36,46,20,21,16,25,0.487804878,0.390243902,0.43902439
2001,49,33,27,14,22,19,0.658536585,0.536585366,0.597560976
2002,44,38,25,16,19,22,0.609756098,0.463414634,0.536585366
2003,36,46,19,22,17,24,0.463414634,0.414634146,0.43902439
2004,45,37,27,14,18,23,0.658536585,0.43902439,0.548780488
2005,33,49,21,20,12,29,0.512195122,0.292682927,0.402439024
2006,24,58,12,29,12,29,0.292682927,0.292682927,0.292682927
2007,66,16,35,6,31,10,0.853658537,0.756097561,0.804878049
2008,62,20,35,6,27,14,0.853658537,0.658536585,0.756097561
2009,50,32,24,17,26,15,0.585365854,0.634146341,0.609756098
2010,56,26,33,8,23,18,0.804878049,0.56097561,0.682926829
1970,22,60,14,23,6,30,0.378378378,0.166666667,0.268292683
1971,22,60,13,27,8,31,0.325,0.205128205,0.268292683
1972,21,61,14,27,6,31,0.341463415,0.162162162,0.256097561
1973,42,40,19,13,17,21,0.59375,0.447368421,0.512195122
1974,49,33,30,11,19,22,0.731707317,0.463414634,0.597560976
1975,46,36,28,13,18,23,0.682926829,0.43902439,0.56097561
1976,30,52,23,18,7,34,0.56097561,0.170731707,0.365853659
1977,27,55,20,21,7,34,0.487804878,0.170731707,0.329268293
1973,47,35,31,10,15,25,0.756097561,0.375,0.573170732
2004,18,64,14,27,4,37,0.341463415,0.097560976,0.219512195
2005,26,56,17,24,9,32,0.414634146,0.219512195,0.317073171
2006,33,49,20,21,13,28,0.487804878,0.317073171,0.402439024
2007,32,50,21,20,11,30,0.512195122,0.268292683,0.390243902
2008,35,47,23,18,12,29,0.56097561,0.292682927,0.426829268
2009,44,38,31,10,13,28,0.756097561,0.317073171,0.536585366
2010,34,48,21,20,13,28,0.512195122,0.317073171,0.414634146
1988,20,62,12,29,8,33,0.292682927,0.195121951,0.243902439
1989,19,63,13,28,6,35,0.317073171,0.146341463,0.231707317
1990,26,56,17,24,9,32,0.414634146,0.219512195,0.317073171
1991,31,51,22,19,9,32,0.536585366,0.219512195,0.37804878
1992,44,38,22,19,22,19,0.536585366,0.536585366,0.536585366
1993,41,41,28,13,13,28,0.682926829,0.317073171,0.5
1994,50,32,29,12,21,20,0.707317073,0.512195122,0.609756098
1995,41,41,25,16,16,25,0.609756098,0.390243902,0.5
1996,54,28,30,11,24,17,0.731707317,0.585365854,0.658536585
1997,51,31,32,9,19,22,0.780487805,0.463414634,0.62195122
1998,26,24,16,9,10,15,0.64,0.4,0.52
1999,49,33,30,11,19,22,0.731707317,0.463414634,0.597560976
2000,46,36,28,13,18,23,0.682926829,0.43902439,0.56097561
2001,44,38,21,20,23,18,0.512195122,0.56097561,0.536585366
1966,33,48,17,19,9,17,0.472222222,0.346153846,0.407407407
1967,29,53,11,22,12,23,0.333333333,0.342857143,0.353658537
1968,33,49,19,21,12,25,0.475,0.324324324,0.402439024
1969,39,43,23,10,9,25,0.696969697,0.264705882,0.475609756
1970,51,31,30,11,17,19,0.731707317,0.472222222,0.62195122
1971,57,25,29,12,26,12,0.707317073,0.684210526,0.695121951
1972,51,31,29,12,20,19,0.707317073,0.512820513,0.62195122
1973,54,28,32,9,21,19,0.780487805,0.525,0.658536585
1974,47,35,29,12,18,23,0.707317073,0.43902439,0.573170732
1975,24,58,15,26,9,32,0.365853659,0.219512195,0.292682927
1976,44,38,31,10,13,28,0.756097561,0.317073171,0.536585366
1977,40,42,29,12,11,30,0.707317073,0.268292683,0.487804878
1978,31,51,19,22,12,29,0.463414634,0.292682927,0.37804878
1979,30,52,21,20,9,32,0.512195122,0.219512195,0.365853659
1980,45,37,26,15,19,22,0.634146341,0.463414634,0.548780488
1981,34,48,22,19,12,29,0.536585366,0.292682927,0.414634146
1982,28,54,18,23,10,31,0.43902439,0.243902439,0.341463415
1983,27,55,18,23,9,32,0.43902439,0.219512195,0.329268293
1984,38,44,26,15,12,29,0.634146341,0.292682927,0.463414634
1985,30,52,22,19,8,33,0.536585366,0.195121951,0.365853659
1986,40,42,29,12,11,30,0.707317073,0.268292683,0.487804878
1987,50,32,30,11,20,21,0.731707317,0.487804878,0.609756098
1988,47,35,30,11,17,24,0.731707317,0.414634146,0.573170732
1989,55,27,36,5,19,22,0.87804878,0.463414634,0.670731707
1990,61,21,35,6,26,15,0.853658537,0.634146341,0.743902439
1991,67,15,36,5,31,10,0.87804878,0.756097561,0.817073171
1992,57,25,31,10,26,15,0.756097561,0.634146341,0.695121951
1993,55,27,31,10,24,17,0.756097561,0.585365854,0.670731707
1994,47,35,28,13,19,22,0.682926829,0.463414634,0.573170732
1995,72,10,39,2,33,8,0.951219512,0.804878049,0.87804878
1996,69,13,39,2,30,11,0.951219512,0.731707317,0.841463415
1997,62,20,37,4,25,16,0.902439024,0.609756098,0.756097561
1998,13,37,8,17,5,20,0.32,0.2,0.26
1999,17,65,12,29,5,36,0.292682927,0.12195122,0.207317073
2000,15,67,10,31,5,36,0.243902439,0.12195122,0.182926829
2001,21,61,14,27,7,34,0.341463415,0.170731707,0.256097561
2002,30,52,27,14,3,38,0.658536585,0.073170732,0.365853659
2003,23,59,14,27,9,32,0.341463415,0.219512195,0.280487805
2004,47,35,27,14,20,21,0.658536585,0.487804878,0.573170732
2005,41,41,21,20,20,21,0.512195122,0.487804878,0.5
2006,49,33,31,10,18,23,0.756097561,0.43902439,0.597560976
2007,33,49,20,21,13,28,0.487804878,0.317073171,0.402439024
2008,41,41,28,13,13,28,0.682926829,0.317073171,0.5
2009,41,41,24,17,17,24,0.585365854,0.414634146,0.5
2010,62,20,36,5,26,15,0.87804878,0.634146341,0.756097561
1961,18,62,9,19,3,20,0.321428571,0.130434783,0.225
1962,25,55,17,17,3,23,0.5,0.115384615,0.3125
1957,33,39,17,12,10,19,0.586206897,0.344827586,0.458333333
1958,19,53,9,19,2,25,0.321428571,0.074074074,0.263888889
1959,19,56,9,22,2,20,0.290322581,0.090909091,0.253333333
1960,33,46,18,13,8,19,0.580645161,0.296296296,0.417721519
1961,43,37,18,13,14,16,0.580645161,0.466666667,0.5375
1962,42,38,23,10,15,19,0.696969697,0.441176471,0.525
1963,55,25,26,7,18,18,0.787878788,0.5,0.6875
1964,48,32,25,7,17,21,0.78125,0.447368421,0.6
1965,45,35,25,6,11,23,0.806451613,0.323529412,0.5625
1966,39,42,20,11,12,24,0.64516129,0.333333333,0.481481481
1967,39,43,18,12,13,23,0.6,0.361111111,0.475609756
1968,41,41,15,13,16,21,0.535714286,0.432432432,0.5
1969,36,46,19,13,14,25,0.59375,0.358974359,0.43902439
1970,33,49,17,16,11,28,0.515151515,0.282051282,0.402439024
1971,30,52,20,18,8,32,0.526315789,0.2,0.365853659
1970,15,67,11,30,2,37,0.268292683,0.051282051,0.182926829
1971,23,59,13,28,8,30,0.317073171,0.210526316,0.280487805
1972,32,50,20,21,10,27,0.487804878,0.27027027,0.390243902
1973,29,53,18,23,11,28,0.43902439,0.282051282,0.353658537
1974,40,42,29,12,11,30,0.707317073,0.268292683,0.487804878
1975,49,33,29,12,20,21,0.707317073,0.487804878,0.597560976
1976,43,39,29,12,14,27,0.707317073,0.341463415,0.524390244
1977,43,39,27,14,16,25,0.658536585,0.390243902,0.524390244
1978,30,52,20,21,10,31,0.487804878,0.243902439,0.365853659
1979,37,45,28,13,9,32,0.682926829,0.219512195,0.451219512
1980,28,54,20,21,8,33,0.487804878,0.195121951,0.341463415
1981,15,67,9,32,6,35,0.219512195,0.146341463,0.182926829
1982,23,59,15,26,8,33,0.365853659,0.195121951,0.280487805
1983,28,54,23,18,5,36,0.56097561,0.12195122,0.341463415
1984,36,46,20,21,16,25,0.487804878,0.390243902,0.43902439
1985,29,53,16,25,13,28,0.390243902,0.317073171,0.353658537
1986,31,51,25,16,6,35,0.609756098,0.146341463,0.37804878
1987,42,40,31,10,11,30,0.756097561,0.268292683,0.512195122
1988,57,25,37,4,20,21,0.902439024,0.487804878,0.695121951
1989,42,40,27,14,15,26,0.658536585,0.365853659,0.512195122
1990,33,49,23,18,10,31,0.56097561,0.243902439,0.402439024
1991,57,25,35,6,22,19,0.853658537,0.536585366,0.695121951
1992,54,28,35,6,19,22,0.853658537,0.463414634,0.658536585
1993,47,35,31,10,16,25,0.756097561,0.390243902,0.573170732
1994,43,39,26,15,17,24,0.634146341,0.414634146,0.524390244
1995,47,35,26,15,21,20,0.634146341,0.512195122,0.573170732
1996,42,40,25,16,17,24,0.609756098,0.414634146,0.512195122
1997,47,35,27,14,20,21,0.658536585,0.487804878,0.573170732
1998,22,28,15,10,7,18,0.6,0.28,0.44
1999,32,50,22,19,10,31,0.536585366,0.243902439,0.390243902
2000,30,52,20,21,10,31,0.487804878,0.243902439,0.365853659
2001,29,53,20,21,9,32,0.487804878,0.219512195,0.353658537
2002,17,65,14,27,3,38,0.341463415,0.073170732,0.207317073
2003,35,47,23,18,12,29,0.56097561,0.292682927,0.426829268
2004,42,40,29,12,13,28,0.707317073,0.317073171,0.512195122
2005,50,32,31,10,19,22,0.756097561,0.463414634,0.609756098
2006,50,32,30,11,20,21,0.731707317,0.487804878,0.609756098
2007,45,37,27,14,18,23,0.658536585,0.43902439,0.548780488
2008,66,16,39,2,27,14,0.951219512,0.658536585,0.804878049
2009,61,21,35,6,26,15,0.853658537,0.634146341,0.743902439
2010,19,63,12,29,7,34,0.292682927,0.170731707,0.231707317
1980,15,67,11,30,4,37,0.268292683,0.097560976,0.182926829
1981,28,54,16,25,12,29,0.390243902,0.292682927,0.341463415
1982,38,44,23,18,15,26,0.56097561,0.365853659,0.463414634
1983,43,39,31,10,12,29,0.756097561,0.292682927,0.524390244
1984,44,38,24,17,20,21,0.585365854,0.487804878,0.536585366
1985,44,38,26,15,18,23,0.634146341,0.43902439,0.536585366
1986,55,27,35,6,20,21,0.853658537,0.487804878,0.670731707
1987,53,29,33,8,20,21,0.804878049,0.487804878,0.646341463
1988,38,44,24,17,14,27,0.585365854,0.341463415,0.463414634
1989,47,35,30,11,17,24,0.731707317,0.414634146,0.573170732
1990,28,54,20,21,8,33,0.487804878,0.195121951,0.341463415
1991,22,60,15,26,7,34,0.365853659,0.170731707,0.268292683
1992,11,71,7,34,4,37,0.170731707,0.097560976,0.134146341
1993,13,69,6,35,7,34,0.146341463,0.170731707,0.158536585
1994,36,46,19,22,17,24,0.463414634,0.414634146,0.43902439
1995,26,56,16,25,10,31,0.390243902,0.243902439,0.317073171
1996,24,58,14,27,10,31,0.341463415,0.243902439,0.292682927
1997,20,62,13,28,7,34,0.317073171,0.170731707,0.243902439
1998,19,31,15,10,4,21,0.6,0.16,0.38
1999,40,42,22,19,18,23,0.536585366,0.43902439,0.487804878
2000,53,29,28,13,25,16,0.682926829,0.609756098,0.646341463
2001,57,25,30,11,27,14,0.731707317,0.658536585,0.695121951
2002,60,22,33,8,27,14,0.804878049,0.658536585,0.731707317
2003,52,30,36,5,16,25,0.87804878,0.390243902,0.634146341
2004,58,24,29,12,29,12,0.707317073,0.707317073,0.707317073
2005,60,22,34,7,26,15,0.829268293,0.634146341,0.731707317
2006,67,15,36,5,31,10,0.87804878,0.756097561,0.817073171
2007,51,31,34,7,17,24,0.829268293,0.414634146,0.62195122
2008,50,32,32,9,18,23,0.780487805,0.43902439,0.609756098
2009,55,27,28,13,27,14,0.682926829,0.658536585,0.670731707
2010,57,25,29,12,28,13,0.707317073,0.682926829,0.695121951
1976,50,32,36,5,14,27,0.87804878,0.341463415,0.609756098
1977,48,34,33,8,15,26,0.804878049,0.365853659,0.585365854
1978,47,35,29,12,18,23,0.707317073,0.43902439,0.573170732
1979,30,52,24,17,6,35,0.585365854,0.146341463,0.365853659
1980,37,45,23,18,14,27,0.56097561,0.341463415,0.451219512
1981,46,36,29,12,17,24,0.707317073,0.414634146,0.56097561
1982,45,37,29,12,16,25,0.707317073,0.390243902,0.548780488
1983,38,44,27,14,11,30,0.658536585,0.268292683,0.463414634
1984,52,30,34,7,18,23,0.829268293,0.43902439,0.634146341
1985,47,35,34,7,13,28,0.829268293,0.317073171,0.573170732
1986,37,45,27,14,10,31,0.658536585,0.243902439,0.451219512
1987,54,28,35,6,19,22,0.853658537,0.463414634,0.658536585
1988,44,38,35,6,9,32,0.853658537,0.219512195,0.536585366
1989,43,39,28,13,15,26,0.682926829,0.365853659,0.524390244
1990,20,62,17,24,3,38,0.414634146,0.073170732,0.243902439
1991,24,58,18,23,6,35,0.43902439,0.146341463,0.292682927
1992,36,46,28,13,8,33,0.682926829,0.195121951,0.43902439
1993,42,40,28,13,14,27,0.682926829,0.341463415,0.512195122
1994,41,41,23,18,18,23,0.56097561,0.43902439,0.5
1995,35,47,24,17,11,30,0.585365854,0.268292683,0.426829268
1996,21,61,12,29,9,32,0.292682927,0.219512195,0.256097561
1997,11,71,9,32,2,39,0.219512195,0.048780488,0.134146341
1998,14,36,12,13,2,23,0.48,0.08,0.28
1999,35,47,25,16,10,31,0.609756098,0.243902439,0.426829268
2000,40,42,29,12,11,30,0.707317073,0.268292683,0.487804878
2001,27,55,20,21,7,34,0.487804878,0.170731707,0.329268293
2002,17,65,13,28,4,37,0.317073171,0.097560976,0.207317073
2003,43,39,29,12,14,27,0.707317073,0.341463415,0.524390244
2004,49,33,31,10,18,23,0.756097561,0.43902439,0.597560976
2005,44,38,26,15,18,23,0.634146341,0.43902439,0.536585366
2006,45,37,23,18,22,19,0.56097561,0.536585366,0.548780488
2007,50,32,33,8,17,24,0.804878049,0.414634146,0.609756098
2008,54,28,33,8,21,20,0.804878049,0.512195122,0.658536585
2009,53,29,34,7,19,22,0.829268293,0.463414634,0.646341463
2010,50,32,33,8,17,24,0.804878049,0.414634146,0.609756098
1957,33,39,14,14,13,18,0.5,0.419354839,0.458333333
1958,28,44,13,17,8,20,0.433333333,0.285714286,0.388888889
1959,30,45,17,14,6,21,0.548387097,0.222222222,0.4
1960,34,45,20,11,3,19,0.64516129,0.136363636,0.430379747
1961,37,43,16,14,8,17,0.533333333,0.32,0.4625
1962,34,46,14,16,8,19,0.466666667,0.296296296,0.425
1963,23,57,9,21,6,25,0.3,0.193548387,0.2875
1964,31,49,13,17,11,20,0.433333333,0.35483871,0.3875
1965,22,58,13,17,4,22,0.433333333,0.153846154,0.275
1966,30,51,12,18,9,19,0.4,0.321428571,0.37037037
1967,40,42,21,11,12,23,0.65625,0.342857143,0.487804878
1968,32,50,21,17,7,30,0.552631579,0.189189189,0.390243902
1969,31,51,18,20,10,25,0.473684211,0.285714286,0.37804878
1970,45,37,24,17,20,19,0.585365854,0.512820513,0.548780488
1971,26,56,16,25,9,30,0.390243902,0.230769231,0.317073171
1972,40,42,26,15,13,25,0.634146341,0.342105263,0.487804878
1973,52,30,29,12,23,17,0.707317073,0.575,0.634146341
1974,40,42,26,15,14,27,0.634146341,0.341463415,0.487804878
1975,36,46,24,17,12,29,0.585365854,0.292682927,0.43902439
1976,44,38,30,11,14,27,0.731707317,0.341463415,0.536585366
1977,38,44,24,17,14,27,0.585365854,0.341463415,0.463414634
1978,30,52,22,19,8,33,0.536585366,0.195121951,0.365853659
1979,16,66,13,28,3,38,0.317073171,0.073170732,0.195121951
1980,21,61,14,27,7,34,0.341463415,0.170731707,0.256097561
1981,39,43,23,18,16,25,0.56097561,0.390243902,0.475609756
1982,37,45,23,18,14,27,0.56097561,0.341463415,0.451219512
1983,49,33,30,11,19,22,0.731707317,0.463414634,0.597560976
1984,46,36,26,15,20,21,0.634146341,0.487804878,0.56097561
1985,46,36,31,10,15,26,0.756097561,0.365853659,0.56097561
1986,52,30,32,9,20,21,0.780487805,0.487804878,0.634146341
1987,54,28,34,7,20,21,0.829268293,0.487804878,0.658536585
1988,63,19,37,4,26,15,0.902439024,0.634146341,0.768292683
1989,59,23,35,6,24,17,0.853658537,0.585365854,0.719512195
1990,50,32,32,9,18,23,0.780487805,0.43902439,0.609756098
1991,48,34,25,16,23,18,0.609756098,0.56097561,0.585365854
1992,40,42,28,13,12,29,0.682926829,0.292682927,0.487804878
1993,20,62,10,31,10,31,0.243902439,0.243902439,0.243902439
1994,28,54,22,19,6,35,0.536585366,0.146341463,0.341463415
1995,46,36,30,11,16,25,0.731707317,0.390243902,0.56097561
1996,54,28,30,11,24,17,0.731707317,0.585365854,0.658536585
1997,37,45,25,16,12,29,0.609756098,0.292682927,0.451219512
1998,29,21,17,8,12,13,0.68,0.48,0.58
1999,42,40,27,14,15,26,0.658536585,0.365853659,0.512195122
2000,32,50,18,23,14,27,0.43902439,0.341463415,0.390243902
2001,50,32,26,15,24,17,0.634146341,0.585365854,0.609756098
2002,50,32,30,11,20,21,0.731707317,0.487804878,0.609756098
2003,54,28,31,10,23,18,0.756097561,0.56097561,0.658536585
2004,54,28,32,9,22,19,0.780487805,0.536585366,0.658536585
2005,64,18,37,4,27,14,0.902439024,0.658536585,0.780487805
2006,53,29,26,15,27,14,0.634146341,0.658536585,0.646341463
2007,59,23,34,7,25,16,0.829268293,0.609756098,0.719512195
2008,39,43,21,20,18,23,0.512195122,0.43902439,0.475609756
2009,27,55,17,24,10,31,0.414634146,0.243902439,0.329268293
2010,30,52,21,20,9,32,0.512195122,0.219512195,0.365853659
1971,51,31,27,8,21,20,0.771428571,0.512195122,0.62195122
1972,47,35,27,14,18,20,0.658536585,0.473684211,0.573170732
1973,44,38,23,18,20,20,0.56097561,0.5,0.536585366
1974,48,34,31,10,17,24,0.756097561,0.414634146,0.585365854
1975,59,23,36,5,23,18,0.87804878,0.56097561,0.719512195
1976,46,36,29,12,17,24,0.707317073,0.414634146,0.56097561
1977,43,39,30,11,13,28,0.731707317,0.317073171,0.524390244
1978,38,44,23,18,15,26,0.56097561,0.365853659,0.463414634
1979,24,58,15,26,9,32,0.365853659,0.219512195,0.292682927
1980,39,43,26,15,13,28,0.634146341,0.317073171,0.475609756
1981,45,37,28,13,17,24,0.682926829,0.414634146,0.548780488
1982,30,52,21,20,9,32,0.512195122,0.219512195,0.365853659
1983,37,45,27,14,10,31,0.658536585,0.243902439,0.451219512
1984,22,60,17,24,5,36,0.414634146,0.12195122,0.268292683
1985,30,52,24,17,6,35,0.585365854,0.146341463,0.365853659
1986,42,40,25,16,17,24,0.609756098,0.414634146,0.512195122
1987,20,62,16,25,4,37,0.390243902,0.097560976,0.243902439
1988,43,39,29,12,14,27,0.707317073,0.341463415,0.524390244
1989,37,45,27,14,10,31,0.658536585,0.243902439,0.451219512
1990,44,38,30,11,14,27,0.731707317,0.341463415,0.536585366
1991,55,27,31,10,24,17,0.756097561,0.585365854,0.670731707
1992,34,48,19,22,15,26,0.463414634,0.365853659,0.414634146
1993,50,32,29,12,21,20,0.707317073,0.512195122,0.609756098
1994,26,56,15,26,11,30,0.365853659,0.268292683,0.317073171
1995,36,46,23,18,13,28,0.56097561,0.317073171,0.43902439
1996,30,52,18,23,12,29,0.43902439,0.292682927,0.365853659
1997,19,63,12,29,7,34,0.292682927,0.170731707,0.231707317
1998,21,29,13,12,8,17,0.52,0.32,0.42
1999,19,63,12,29,7,34,0.292682927,0.170731707,0.231707317
2000,17,65,11,30,6,35,0.268292683,0.146341463,0.207317073
2001,21,61,14,27,7,34,0.341463415,0.170731707,0.256097561
2002,38,44,24,17,14,27,0.585365854,0.341463415,0.463414634
2003,37,45,27,14,10,31,0.658536585,0.243902439,0.451219512
2004,34,48,20,21,14,27,0.487804878,0.341463415,0.414634146
2005,34,48,21,20,13,28,0.512195122,0.317073171,0.414634146
2006,42,40,30,11,12,29,0.731707317,0.292682927,0.512195122
2007,48,34,27,14,21,20,0.658536585,0.512195122,0.585365854
2008,29,53,21,20,8,33,0.512195122,0.195121951,0.353658537
2009,26,56,18,23,8,33,0.43902439,0.195121951,0.317073171
2010,36,46,26,15,10,31,0.634146341,0.243902439,0.43902439
1971,34,48,15,20,14,23,0.428571429,0.378378378,0.414634146
1972,33,49,14,14,10,28,0.5,0.263157895,0.402439024
1973,32,50,18,23,13,25,0.43902439,0.342105263,0.390243902
1974,41,41,29,12,12,29,0.707317073,0.292682927,0.5
1975,40,42,28,13,12,29,0.682926829,0.292682927,0.487804878
1976,49,33,34,7,15,26,0.829268293,0.365853659,0.597560976
1977,28,54,21,20,7,34,0.512195122,0.170731707,0.341463415
1978,47,35,30,11,17,24,0.731707317,0.414634146,0.573170732
1979,41,41,29,12,12,29,0.707317073,0.292682927,0.5
1980,40,42,25,16,15,26,0.609756098,0.365853659,0.487804878
1981,46,36,25,16,21,20,0.609756098,0.512195122,0.56097561
1982,14,68,9,32,5,36,0.219512195,0.12195122,0.170731707
1983,29,53,21,20,8,33,0.512195122,0.195121951,0.353658537
1984,48,34,29,12,19,22,0.707317073,0.463414634,0.585365854
1985,51,31,36,5,15,26,0.87804878,0.365853659,0.62195122
1986,42,40,25,16,17,24,0.609756098,0.414634146,0.512195122
1987,46,36,31,10,15,26,0.756097561,0.365853659,0.56097561
1988,45,37,31,10,14,27,0.756097561,0.341463415,0.548780488
1989,41,41,31,10,10,31,0.756097561,0.243902439,0.5
1990,52,30,31,10,21,20,0.756097561,0.512195122,0.634146341
1991,42,40,28,13,14,27,0.682926829,0.341463415,0.512195122
1992,55,27,31,10,24,17,0.756097561,0.585365854,0.670731707
1993,58,24,35,6,23,18,0.853658537,0.56097561,0.707317073
1994,47,35,25,16,22,19,0.609756098,0.536585366,0.573170732
1995,48,34,27,14,21,20,0.658536585,0.512195122,0.585365854
1996,57,25,30,11,27,14,0.731707317,0.658536585,0.695121951
1997,41,41,24,17,17,24,0.585365854,0.414634146,0.5
1998,31,19,19,6,12,13,0.76,0.48,0.62
1999,34,48,22,19,12,29,0.536585366,0.292682927,0.414634146
2000,45,37,24,17,21,20,0.585365854,0.512195122,0.548780488
2001,28,54,18,23,10,31,0.43902439,0.243902439,0.341463415
2002,43,39,28,13,15,26,0.682926829,0.365853659,0.524390244
2003,45,37,27,14,18,23,0.658536585,0.43902439,0.548780488
2004,51,31,26,15,25,16,0.634146341,0.609756098,0.62195122
2005,34,48,15,26,19,22,0.365853659,0.463414634,0.414634146
2006,52,30,28,13,24,17,0.682926829,0.585365854,0.634146341
2007,55,27,31,10,24,17,0.756097561,0.585365854,0.670731707
2008,53,29,33,8,20,21,0.804878049,0.487804878,0.646341463
2009,42,40,23,18,19,22,0.56097561,0.463414634,0.512195122
2010,43,39,25,16,18,23,0.609756098,0.43902439,0.524390244
1976,36,46,25,16,11,30,0.609756098,0.268292683,0.43902439
1977,31,51,21,20,10,31,0.512195122,0.243902439,0.37804878
1978,38,44,25,16,13,28,0.609756098,0.317073171,0.463414634
1979,37,45,26,15,11,30,0.634146341,0.268292683,0.451219512
1980,44,38,27,14,17,24,0.658536585,0.414634146,0.536585366
1981,35,47,25,16,10,31,0.609756098,0.243902439,0.426829268
1982,20,62,14,27,6,35,0.341463415,0.146341463,0.243902439
1983,26,56,20,21,6,35,0.487804878,0.146341463,0.317073171
1984,22,60,16,25,6,35,0.390243902,0.146341463,0.268292683
1985,26,56,19,22,7,34,0.463414634,0.170731707,0.317073171
1986,41,41,28,13,13,28,0.682926829,0.317073171,0.5
1987,38,44,25,16,13,28,0.609756098,0.317073171,0.463414634
1988,28,54,20,21,8,33,0.487804878,0.195121951,0.341463415
1989,42,40,28,13,14,27,0.682926829,0.341463415,0.512195122
1990,41,41,29,12,12,29,0.707317073,0.292682927,0.5
1991,40,42,26,15,14,27,0.634146341,0.341463415,0.487804878
1992,41,41,27,14,14,27,0.658536585,0.341463415,0.5
1993,47,35,29,12,18,23,0.707317073,0.43902439,0.573170732
1994,52,30,33,8,19,22,0.804878049,0.463414634,0.634146341
1995,52,30,32,9,20,21,0.780487805,0.487804878,0.634146341
1996,39,43,21,20,18,23,0.512195122,0.43902439,0.475609756
1997,58,24,32,9,26,15,0.780487805,0.634146341,0.707317073
1998,33,17,18,7,15,10,0.72,0.6,0.66
1999,56,26,36,5,20,21,0.87804878,0.487804878,0.682926829
2000,41,41,26,15,15,26,0.634146341,0.365853659,0.5
2001,42,40,25,16,17,24,0.609756098,0.414634146,0.512195122
2002,48,34,32,9,16,25,0.780487805,0.390243902,0.585365854
2003,61,21,34,7,27,14,0.829268293,0.658536585,0.743902439
2004,44,38,25,16,19,22,0.609756098,0.463414634,0.536585366
2005,41,41,27,14,14,27,0.658536585,0.341463415,0.5
2006,35,47,22,19,13,28,0.536585366,0.317073171,0.426829268
2007,36,46,21,20,15,26,0.512195122,0.365853659,0.43902439
2008,36,46,25,16,11,30,0.609756098,0.268292683,0.43902439
2009,32,50,23,18,9,32,0.56097561,0.219512195,0.390243902
2010,37,45,24,17,13,28,0.585365854,0.317073171,0.451219512
1950,31,37,19,12,10,24,0.612903226,0.294117647,0.455882353
1951,34,32,25,6,4,24,0.806451613,0.142857143,0.515151515
1952,28,43,19,14,4,23,0.575757576,0.148148148,0.394366197
1976,40,42,28,13,12,29,0.682926829,0.292682927,0.487804878
1977,31,51,22,19,9,32,0.536585366,0.219512195,0.37804878
1978,48,34,32,9,16,25,0.780487805,0.390243902,0.585365854
1979,47,35,30,11,17,24,0.731707317,0.414634146,0.573170732
1980,40,42,24,17,16,25,0.585365854,0.390243902,0.487804878
1981,30,52,23,18,7,34,0.56097561,0.170731707,0.365853659
1982,45,37,30,11,15,26,0.731707317,0.365853659,0.548780488
1983,38,44,26,15,12,29,0.634146341,0.292682927,0.463414634
1984,31,51,23,18,8,33,0.56097561,0.195121951,0.37804878
1972,36,46,24,17,12,29,0.585365854,0.292682927,0.43902439
1973,33,49,20,21,13,28,0.487804878,0.317073171,0.402439024
1974,44,38,29,12,15,26,0.707317073,0.365853659,0.536585366
1975,31,51,25,16,6,35,0.609756098,0.146341463,0.37804878
1984,31,51,20,21,11,30,0.487804878,0.268292683,0.37804878
1985,32,50,22,19,10,31,0.536585366,0.243902439,0.390243902
1986,12,70,9,32,3,38,0.219512195,0.073170732,0.146341463
1987,17,65,14,27,3,38,0.341463415,0.073170732,0.207317073
1988,21,61,17,24,4,37,0.414634146,0.097560976,0.256097561
1989,30,52,20,21,10,31,0.487804878,0.243902439,0.365853659
1990,31,51,23,18,8,33,0.56097561,0.195121951,0.37804878
1991,45,37,29,12,16,25,0.707317073,0.390243902,0.548780488
1992,41,41,27,14,14,27,0.658536585,0.341463415,0.5
1993,27,55,17,24,10,31,0.414634146,0.243902439,0.329268293
1994,17,65,13,28,4,37,0.317073171,0.097560976,0.207317073
1995,29,53,19,22,10,31,0.463414634,0.243902439,0.353658537
1996,36,46,21,20,15,26,0.512195122,0.365853659,0.43902439
1997,17,65,11,30,6,35,0.268292683,0.146341463,0.207317073
1998,9,41,6,19,3,22,0.24,0.12,0.18
1999,15,67,10,31,5,36,0.243902439,0.12195122,0.182926829
2000,31,51,22,19,9,32,0.536585366,0.219512195,0.37804878
2001,39,43,25,16,14,27,0.609756098,0.341463415,0.475609756
2002,27,55,16,25,11,30,0.390243902,0.268292683,0.329268293
2003,28,54,18,23,10,31,0.43902439,0.243902439,0.341463415
2004,37,45,27,14,10,31,0.658536585,0.243902439,0.451219512
2005,47,35,27,14,20,21,0.658536585,0.487804878,0.573170732
2006,40,42,25,16,15,26,0.609756098,0.365853659,0.487804878
2007,23,59,13,28,10,31,0.317073171,0.243902439,0.280487805
2008,19,63,11,30,8,33,0.268292683,0.195121951,0.231707317
2009,29,53,21,20,8,33,0.512195122,0.195121951,0.353658537
2010,32,50,23,18,9,32,0.56097561,0.219512195,0.390243902
1960,36,43,16,12,6,20,0.571428571,0.230769231,0.455696203
1961,54,26,26,5,18,13,0.838709677,0.580645161,0.675
1962,53,27,27,7,20,17,0.794117647,0.540540541,0.6625
1963,42,38,24,12,15,21,0.666666667,0.416666667,0.525
1964,49,31,25,13,21,16,0.657894737,0.567567568,0.6125
1965,45,35,28,11,13,21,0.717948718,0.382352941,0.5625
1966,36,45,21,18,12,20,0.538461538,0.375,0.444444444
1967,52,30,30,11,18,19,0.731707317,0.486486486,0.634146341
1968,55,27,32,9,21,18,0.780487805,0.538461538,0.670731707
1969,46,36,27,14,17,21,0.658536585,0.447368421,0.56097561
1970,48,34,30,11,17,22,0.731707317,0.435897436,0.585365854
1971,69,13,36,5,31,7,0.87804878,0.815789474,0.841463415
1972,60,22,30,11,28,11,0.731707317,0.717948718,0.731707317
1973,47,35,30,11,17,24,0.731707317,0.414634146,0.573170732
1974,30,52,21,20,9,32,0.512195122,0.219512195,0.365853659
1975,40,42,31,10,9,32,0.756097561,0.219512195,0.487804878
1976,53,29,37,4,16,25,0.902439024,0.390243902,0.646341463
1977,45,37,29,12,16,25,0.707317073,0.390243902,0.548780488
1978,47,35,31,10,16,25,0.756097561,0.390243902,0.573170732
1979,60,22,37,4,23,18,0.902439024,0.56097561,0.731707317
1980,54,28,30,11,24,17,0.731707317,0.585365854,0.658536585
1981,57,25,30,11,27,14,0.731707317,0.658536585,0.695121951
1982,58,24,33,8,25,16,0.804878049,0.609756098,0.707317073
1983,54,28,28,13,26,15,0.682926829,0.634146341,0.658536585
1984,62,20,36,5,26,15,0.87804878,0.634146341,0.756097561
1985,62,20,35,6,27,14,0.853658537,0.658536585,0.756097561
1986,65,17,37,4,28,13,0.902439024,0.682926829,0.792682927
1987,62,20,36,5,26,15,0.87804878,0.634146341,0.756097561
1988,57,25,35,6,22,19,0.853658537,0.536585366,0.695121951
1989,63,19,37,4,26,15,0.902439024,0.634146341,0.768292683
1990,58,24,33,8,25,16,0.804878049,0.609756098,0.707317073
1991,43,39,24,17,19,22,0.585365854,0.463414634,0.524390244
1992,39,43,20,21,19,22,0.487804878,0.463414634,0.475609756
1993,33,49,21,20,12,29,0.512195122,0.292682927,0.402439024
1994,48,34,29,12,19,22,0.707317073,0.463414634,0.585365854
1995,53,29,30,11,23,18,0.731707317,0.56097561,0.646341463
1996,56,26,31,10,25,16,0.756097561,0.609756098,0.682926829
1997,61,21,33,8,28,13,0.804878049,0.682926829,0.743902439
1998,31,19,18,7,13,12,0.72,0.52,0.62
1999,67,15,36,5,31,10,0.87804878,0.756097561,0.817073171
2000,56,26,31,10,25,16,0.756097561,0.609756098,0.682926829
2001,58,24,34,7,24,17,0.829268293,0.585365854,0.707317073
2002,50,32,31,10,19,22,0.756097561,0.463414634,0.609756098
2003,56,26,34,7,22,19,0.829268293,0.536585366,0.682926829
2004,34,48,22,19,12,29,0.536585366,0.292682927,0.414634146
2005,45,37,27,14,18,23,0.658536585,0.43902439,0.548780488
2006,42,40,25,16,17,24,0.609756098,0.414634146,0.512195122
2007,57,25,30,11,27,14,0.731707317,0.658536585,0.695121951
2008,65,17,36,5,29,12,0.87804878,0.707317073,0.792682927
2009,57,25,34,7,23,18,0.829268293,0.56097561,0.695121951
2010,57,25,30,11,27,14,0.731707317,0.658536585,0.695121951
2001,23,59,15,26,8,33,0.365853659,0.195121951,0.280487805
2002,28,54,20,21,8,33,0.487804878,0.195121951,0.341463415
2003,50,32,31,10,19,22,0.756097561,0.463414634,0.609756098
2004,45,37,26,15,19,22,0.634146341,0.463414634,0.548780488
2005,49,33,30,11,19,22,0.731707317,0.463414634,0.597560976
2006,22,60,14,27,8,33,0.341463415,0.195121951,0.268292683
2007,22,60,14,27,8,33,0.341463415,0.195121951,0.268292683
2008,24,58,16,25,8,33,0.390243902,0.195121951,0.292682927
2009,40,42,23,18,17,24,0.56097561,0.414634146,0.487804878
2010,46,36,30,11,16,25,0.731707317,0.390243902,0.56097561
1988,15,67,12,29,3,38,0.292682927,0.073170732,0.182926829
1989,18,64,11,30,7,34,0.268292683,0.170731707,0.219512195
1990,24,58,18,23,6,35,0.43902439,0.146341463,0.292682927
1991,38,44,28,13,10,31,0.682926829,0.243902439,0.463414634
1992,36,46,26,15,10,31,0.634146341,0.243902439,0.43902439
1993,42,40,22,19,20,21,0.536585366,0.487804878,0.512195122
1994,32,50,22,19,10,31,0.536585366,0.243902439,0.390243902
1995,42,40,26,15,16,25,0.634146341,0.390243902,0.512195122
1996,61,21,29,12,32,9,0.707317073,0.780487805,0.743902439
1997,55,27,30,11,25,16,0.731707317,0.609756098,0.670731707
1998,33,17,18,7,15,10,0.72,0.6,0.66
1999,52,30,33,8,19,22,0.804878049,0.463414634,0.634146341
2000,50,32,29,12,21,20,0.707317073,0.512195122,0.609756098
2001,36,46,18,23,18,23,0.43902439,0.43902439,0.43902439
2002,25,57,16,25,9,32,0.390243902,0.219512195,0.304878049
2003,42,40,29,12,13,28,0.707317073,0.317073171,0.512195122
2004,59,23,35,6,24,17,0.853658537,0.585365854,0.719512195
2005,52,30,31,10,21,20,0.756097561,0.512195122,0.634146341
2006,44,38,27,14,17,24,0.658536585,0.414634146,0.536585366
2007,15,67,9,32,6,35,0.219512195,0.146341463,0.182926829
2008,43,39,28,13,15,26,0.682926829,0.365853659,0.524390244
2009,47,35,24,17,23,18,0.585365854,0.56097561,0.573170732
2010,58,24,30,11,28,13,0.731707317,0.682926829,0.707317073
1968,27,55,15,19,8,27,0.441176471,0.228571429,0.329268293
1969,56,26,27,11,24,14,0.710526316,0.631578947,0.682926829
1970,66,16,34,2,28,13,0.944444444,0.682926829,0.804878049
1971,63,19,31,5,27,12,0.861111111,0.692307692,0.768292683
1972,60,22,33,5,25,15,0.868421053,0.625,0.731707317
1973,59,23,31,7,24,16,0.815789474,0.6,0.719512195
1974,38,44,25,16,13,28,0.609756098,0.317073171,0.463414634
1975,38,44,22,19,16,25,0.536585366,0.390243902,0.463414634
1976,30,52,24,17,6,35,0.585365854,0.146341463,0.365853659
1977,44,38,28,13,16,25,0.682926829,0.390243902,0.536585366
1978,38,44,28,13,10,31,0.682926829,0.243902439,0.463414634
1979,49,33,28,13,21,20,0.682926829,0.512195122,0.597560976
1980,60,22,34,7,26,15,0.829268293,0.634146341,0.731707317
1981,55,27,31,10,24,17,0.756097561,0.585365854,0.670731707
1982,51,31,31,10,20,21,0.756097561,0.487804878,0.62195122
1983,50,32,30,11,20,21,0.731707317,0.487804878,0.609756098
1984,59,23,36,5,23,18,0.87804878,0.56097561,0.719512195
1985,57,25,33,8,24,17,0.804878049,0.585365854,0.695121951
1986,50,32,32,9,18,23,0.780487805,0.43902439,0.609756098
1987,42,40,30,11,12,29,0.731707317,0.292682927,0.512195122
1988,49,33,31,10,18,23,0.756097561,0.43902439,0.597560976
1989,44,38,27,14,17,24,0.658536585,0.414634146,0.536585366
1990,48,34,33,8,15,26,0.804878049,0.365853659,0.585365854
1991,31,51,25,16,6,35,0.609756098,0.146341463,0.37804878
1992,28,54,18,23,10,31,0.43902439,0.243902439,0.341463415
1993,20,62,11,30,9,32,0.268292683,0.219512195,0.243902439
1994,34,48,22,19,12,29,0.536585366,0.292682927,0.414634146
1995,25,57,14,27,11,30,0.341463415,0.268292683,0.304878049
1996,33,49,20,21,13,28,0.487804878,0.317073171,0.402439024
1997,36,46,21,20,15,26,0.512195122,0.365853659,0.43902439
1998,28,22,17,8,11,14,0.68,0.44,0.56
1999,42,40,23,18,19,22,0.56097561,0.463414634,0.512195122
2000,52,30,31,10,21,20,0.756097561,0.512195122,0.634146341
2001,41,41,25,16,16,25,0.609756098,0.390243902,0.5
2002,42,40,25,16,17,24,0.609756098,0.414634146,0.512195122
2003,41,41,27,14,14,27,0.658536585,0.341463415,0.5
2004,30,52,23,18,7,34,0.56097561,0.170731707,0.365853659
2005,40,42,25,16,15,26,0.609756098,0.365853659,0.487804878
2006,28,54,18,23,10,31,0.43902439,0.243902439,0.341463415
2007,26,56,19,22,7,34,0.463414634,0.170731707,0.317073171
2008,34,48,22,19,12,29,0.536585366,0.292682927,0.414634146
2009,46,36,28,13,18,23,0.682926829,0.43902439,0.56097561
2010,35,47,22,19,13,28,0.536585366,0.317073171,0.426829268
1951,17,49,7,13,3,22,0.35,0.12,0.257575758
1952,27,44,14,8,4,24,0.636363636,0.142857143,0.38028169
1953,21,51,10,14,6,17,0.416666667,0.260869565,0.291666667
1954,26,46,6,11,9,16,0.352941176,0.36,0.361111111
1950,44,24,29,3,12,21,0.90625,0.363636364,0.647058824
1951,40,26,21,5,13,19,0.807692308,0.40625,0.606060606
1952,48,22,24,2,16,15,0.923076923,0.516129032,0.685714286
1953,46,26,21,4,13,15,0.84,0.464285714,0.638888889
1954,40,32,18,6,10,14,0.75,0.416666667,0.555555556
1955,33,39,13,12,6,21,0.52,0.222222222,0.458333333
1956,34,38,18,13,9,22,0.580645161,0.290322581,0.472222222
1957,19,53,13,17,4,22,0.433333333,0.153846154,0.263888889
1958,33,39,15,7,9,17,0.681818182,0.346153846,0.458333333
1959,25,50,9,13,9,22,0.409090909,0.290322581,0.333333333
1989,22,60,17,24,5,36,0.414634146,0.12195122,0.268292683
1990,29,53,21,20,8,33,0.512195122,0.195121951,0.353658537
1991,15,67,9,32,6,35,0.219512195,0.146341463,0.182926829
1992,19,63,18,23,1,40,0.43902439,0.024390244,0.231707317
1993,20,62,13,28,7,34,0.317073171,0.170731707,0.243902439
1994,21,61,13,28,8,33,0.317073171,0.195121951,0.256097561
1995,26,56,17,24,9,32,0.414634146,0.219512195,0.317073171
1996,40,42,25,16,15,26,0.609756098,0.365853659,0.487804878
1997,45,37,26,15,19,22,0.634146341,0.463414634,0.548780488
1998,25,25,18,7,7,18,0.72,0.28,0.5
1999,50,32,26,15,24,17,0.634146341,0.585365854,0.609756098
2000,47,35,30,11,17,24,0.731707317,0.414634146,0.573170732
2001,50,32,29,12,21,20,0.707317073,0.512195122,0.609756098
2002,51,31,33,8,18,23,0.804878049,0.43902439,0.62195122
2003,58,24,31,10,27,14,0.756097561,0.658536585,0.707317073
2004,44,38,24,17,20,21,0.585365854,0.487804878,0.536585366
2005,33,49,24,17,9,32,0.585365854,0.219512195,0.402439024
2006,32,50,20,21,12,29,0.487804878,0.292682927,0.390243902
2007,22,60,15,26,7,34,0.365853659,0.170731707,0.268292683
2008,24,58,11,30,13,28,0.268292683,0.317073171,0.292682927
2009,15,67,10,31,5,36,0.243902439,0.12195122,0.182926829
2010,17,65,12,29,5,36,0.292682927,0.12195122,0.207317073
1977,24,58,18,23,6,35,0.43902439,0.146341463,0.292682927
1978,37,45,25,16,12,29,0.609756098,0.292682927,0.451219512
1979,34,48,22,19,12,29,0.536585366,0.292682927,0.414634146
1980,24,58,16,25,8,33,0.390243902,0.195121951,0.292682927
1981,44,38,25,16,19,22,0.609756098,0.463414634,0.536585366
1982,49,33,30,11,19,22,0.731707317,0.463414634,0.597560976
1983,45,37,29,12,16,25,0.707317073,0.390243902,0.548780488
1984,42,40,27,14,15,26,0.658536585,0.365853659,0.512195122
1985,39,43,26,15,13,28,0.634146341,0.317073171,0.475609756
1986,24,58,19,22,5,36,0.463414634,0.12195122,0.292682927
1987,19,63,16,25,3,38,0.390243902,0.073170732,0.231707317
1988,26,56,17,24,9,32,0.414634146,0.219512195,0.317073171
1989,17,65,13,28,4,37,0.317073171,0.097560976,0.207317073
1990,26,56,20,21,6,35,0.487804878,0.146341463,0.317073171
1991,40,42,25,16,15,26,0.609756098,0.365853659,0.487804878
1992,43,39,26,15,17,24,0.634146341,0.414634146,0.524390244
1993,45,37,29,12,16,25,0.707317073,0.390243902,0.548780488
1994,30,52,20,21,10,31,0.487804878,0.243902439,0.365853659
1995,30,52,20,21,10,31,0.487804878,0.243902439,0.365853659
1996,26,56,16,25,10,31,0.390243902,0.243902439,0.317073171
1997,43,39,26,15,17,24,0.634146341,0.414634146,0.524390244
1998,16,34,12,13,4,21,0.48,0.16,0.32
1999,31,51,22,19,9,32,0.536585366,0.219512195,0.37804878
2000,26,56,18,23,8,33,0.43902439,0.195121951,0.317073171
2001,52,30,33,8,19,22,0.804878049,0.463414634,0.634146341
2002,49,33,33,8,16,25,0.804878049,0.390243902,0.597560976
2003,47,35,28,13,19,22,0.682926829,0.463414634,0.573170732
2004,42,40,24,17,18,23,0.585365854,0.43902439,0.512195122
2005,49,33,29,12,20,21,0.707317073,0.487804878,0.597560976
2006,41,41,24,17,17,24,0.585365854,0.414634146,0.5
2007,34,48,21,20,13,28,0.512195122,0.317073171,0.414634146
2008,34,48,19,22,15,26,0.463414634,0.365853659,0.414634146
2009,12,70,8,33,4,37,0.195121951,0.097560976,0.146341463
2010,24,58,19,22,5,36,0.463414634,0.12195122,0.292682927
2002,47,35,29,12,18,23,0.707317073,0.43902439,0.573170732
2003,41,41,25,16,16,25,0.609756098,0.390243902,0.5
2004,18,64,11,30,7,34,0.268292683,0.170731707,0.219512195
2007,56,26,30,11,26,15,0.731707317,0.634146341,0.682926829
2008,49,33,28,13,21,20,0.682926829,0.512195122,0.597560976
2009,37,45,24,17,13,28,0.585365854,0.317073171,0.451219512
2010,46,36,28,13,18,23,0.682926829,0.43902439,0.56097561
1974,23,59,20,21,3,38,0.487804878,0.073170732,0.280487805
1975,38,44,22,19,16,25,0.536585366,0.390243902,0.463414634
1976,35,47,26,15,9,32,0.634146341,0.219512195,0.426829268
1977,39,43,27,14,12,29,0.658536585,0.292682927,0.475609756
1978,26,56,22,19,4,37,0.536585366,0.097560976,0.317073171
1950,36,30,22,5,10,25,0.814814815,0.285714286,0.545454545
1951,37,29,21,4,12,22,0.84,0.352941176,0.560606061
1952,47,23,21,4,15,14,0.84,0.517241379,0.671428571
1953,44,28,18,8,15,13,0.692307692,0.535714286,0.611111111
1954,38,34,17,8,8,19,0.68,0.296296296,0.527777778
1955,35,37,14,14,15,14,0.5,0.517241379,0.486111111
1956,36,36,19,12,11,20,0.612903226,0.35483871,0.5
1957,35,37,16,13,11,19,0.551724138,0.366666667,0.486111111
1958,40,32,21,9,15,15,0.7,0.5,0.555555556
1959,27,48,13,18,9,19,0.419354839,0.321428571,0.36
1960,21,58,10,22,7,25,0.3125,0.21875,0.265822785
1961,29,51,19,14,2,23,0.575757576,0.08,0.3625
1962,21,59,12,22,5,28,0.352941176,0.151515152,0.2625
1963,22,58,10,25,8,27,0.285714286,0.228571429,0.275
1964,31,49,16,19,8,22,0.457142857,0.266666667,0.3875
1965,30,50,20,14,4,30,0.588235294,0.117647059,0.375
1966,36,45,20,15,9,24,0.571428571,0.272727273,0.444444444
1967,43,39,20,17,21,16,0.540540541,0.567567568,0.524390244
1968,54,28,30,7,19,20,0.810810811,0.487179487,0.658536585
1969,60,22,30,11,27,10,0.731707317,0.72972973,0.731707317
1970,52,30,32,9,19,20,0.780487805,0.487179487,0.634146341
1971,48,34,27,14,20,19,0.658536585,0.512820513,0.585365854
1972,57,25,35,6,21,18,0.853658537,0.538461538,0.695121951
1973,49,33,28,13,21,19,0.682926829,0.525,0.597560976
1974,40,42,23,18,17,24,0.56097561,0.414634146,0.487804878
1975,38,44,24,17,14,27,0.585365854,0.341463415,0.463414634
1976,40,42,26,15,14,27,0.634146341,0.341463415,0.487804878
1977,43,39,29,12,14,27,0.707317073,0.341463415,0.524390244
1978,31,51,23,18,8,33,0.56097561,0.195121951,0.37804878
1979,39,43,25,16,14,27,0.609756098,0.341463415,0.475609756
1980,50,32,28,13,22,19,0.682926829,0.536585366,0.609756098
1981,33,49,19,22,14,27,0.463414634,0.341463415,0.402439024
1982,44,38,26,15,18,23,0.634146341,0.43902439,0.536585366
1983,47,35,29,12,18,23,0.707317073,0.43902439,0.573170732
1984,24,58,19,22,5,36,0.463414634,0.12195122,0.292682927
1985,23,59,15,26,8,33,0.365853659,0.195121951,0.280487805
1986,24,58,18,23,6,35,0.43902439,0.146341463,0.292682927
1987,38,44,29,12,9,32,0.707317073,0.219512195,0.463414634
1988,52,30,35,6,17,24,0.853658537,0.414634146,0.634146341
1989,45,37,29,12,16,25,0.707317073,0.390243902,0.548780488
1990,39,43,21,20,18,23,0.512195122,0.43902439,0.475609756
1991,51,31,30,11,21,20,0.731707317,0.512195122,0.62195122
1992,60,22,37,4,23,18,0.902439024,0.56097561,0.731707317
1993,57,25,32,9,25,16,0.780487805,0.609756098,0.695121951
1994,55,27,29,12,26,15,0.707317073,0.634146341,0.670731707
1995,47,35,26,15,21,20,0.634146341,0.512195122,0.573170732
1996,57,25,31,10,26,15,0.756097561,0.634146341,0.695121951
1997,43,39,28,13,15,26,0.682926829,0.365853659,0.524390244
1998,27,23,19,6,8,17,0.76,0.32,0.54
1999,50,32,33,8,17,24,0.804878049,0.414634146,0.609756098
2000,48,34,30,11,18,23,0.731707317,0.43902439,0.585365854
2001,30,52,19,22,11,30,0.463414634,0.268292683,0.365853659
2002,37,45,24,17,13,28,0.585365854,0.317073171,0.451219512
2003,39,43,23,18,16,25,0.56097561,0.390243902,0.475609756
2004,33,49,22,19,11,30,0.536585366,0.268292683,0.402439024
2005,23,59,15,26,8,33,0.365853659,0.195121951,0.280487805
2006,33,49,19,22,14,27,0.463414634,0.341463415,0.402439024
2007,23,59,15,26,8,33,0.365853659,0.195121951,0.280487805
2008,32,50,20,21,12,29,0.487804878,0.292682927,0.390243902
2009,29,53,18,23,11,30,0.43902439,0.268292683,0.353658537
2010,42,40,23,18,19,22,0.56097561,0.463414634,0.512195122
1976,22,60,10,31,12,29,0.243902439,0.292682927,0.268292683
2008,23,59,15,26,8,33,0.365853659,0.195121951,0.280487805
2009,50,32,27,14,23,18,0.658536585,0.56097561,0.609756098
2010,55,27,30,11,25,16,0.731707317,0.609756098,0.670731707
1989,18,64,12,29,6,35,0.292682927,0.146341463,0.219512195
1990,31,51,24,17,7,34,0.585365854,0.170731707,0.37804878
1991,21,61,13,28,8,33,0.317073171,0.195121951,0.256097561
1992,41,41,27,14,14,27,0.658536585,0.341463415,0.5
1993,50,32,31,10,19,22,0.756097561,0.463414634,0.609756098
1994,57,25,39,2,18,23,0.951219512,0.43902439,0.695121951
1995,60,22,37,4,23,18,0.902439024,0.56097561,0.731707317
1996,45,37,26,15,19,22,0.634146341,0.463414634,0.548780488
1997,41,41,24,17,17,24,0.585365854,0.414634146,0.5
1998,33,17,21,4,12,13,0.84,0.48,0.66
1999,41,41,26,15,15,26,0.634146341,0.365853659,0.5
2000,43,39,26,15,17,24,0.634146341,0.414634146,0.524390244
2001,44,38,27,14,17,24,0.658536585,0.414634146,0.536585366
2002,42,40,26,15,16,25,0.634146341,0.390243902,0.512195122
2003,21,61,11,30,10,31,0.268292683,0.243902439,0.256097561
2004,36,46,24,17,12,29,0.585365854,0.292682927,0.43902439
2005,36,46,26,15,10,31,0.634146341,0.243902439,0.43902439
2006,40,42,25,16,15,26,0.609756098,0.365853659,0.487804878
2007,52,30,25,16,27,14,0.609756098,0.658536585,0.634146341
2008,59,23,32,9,27,14,0.780487805,0.658536585,0.719512195
2009,59,23,34,7,25,16,0.829268293,0.609756098,0.719512195
2010,52,30,29,12,23,18,0.707317073,0.56097561,0.634146341
1963,34,46,18,12,12,22,0.6,0.352941176,0.425
1964,40,40,13,12,9,21,0.52,0.3,0.5
1965,55,25,22,3,20,17,0.88,0.540540541,0.6875
1966,68,13,28,2,26,8,0.933333333,0.764705882,0.839506173
1967,62,20,27,8,25,12,0.771428571,0.675675676,0.756097561
1968,55,27,26,8,24,16,0.764705882,0.6,0.670731707
1969,42,40,22,16,16,22,0.578947368,0.421052632,0.512195122
1970,47,35,24,15,21,18,0.615384615,0.538461538,0.573170732
1971,30,52,14,23,14,26,0.378378378,0.35,0.365853659
1972,9,73,2,26,5,36,0.071428571,0.12195122,0.109756098
1973,25,57,14,23,9,30,0.378378378,0.230769231,0.304878049
1974,34,48,20,21,14,27,0.487804878,0.341463415,0.414634146
1975,46,36,34,7,12,29,0.829268293,0.292682927,0.56097561
1976,50,32,32,9,18,23,0.780487805,0.43902439,0.609756098
1977,55,27,37,4,18,23,0.902439024,0.43902439,0.670731707
1978,47,35,31,10,16,25,0.756097561,0.390243902,0.573170732
1979,59,23,36,5,23,18,0.87804878,0.56097561,0.719512195
1980,62,20,37,4,25,16,0.902439024,0.609756098,0.756097561
1981,58,24,32,9,26,15,0.780487805,0.634146341,0.707317073
1982,65,17,35,6,30,11,0.853658537,0.731707317,0.792682927
1983,52,30,32,9,20,21,0.780487805,0.487804878,0.634146341
1984,58,24,34,7,24,17,0.829268293,0.585365854,0.707317073
1985,54,28,31,10,23,18,0.756097561,0.56097561,0.658536585
1986,45,37,28,13,17,24,0.682926829,0.414634146,0.548780488
1987,36,46,27,14,9,32,0.658536585,0.219512195,0.43902439
1988,46,36,30,11,16,25,0.731707317,0.390243902,0.56097561
1989,53,29,34,7,19,22,0.829268293,0.463414634,0.646341463
1990,44,38,29,12,15,26,0.707317073,0.365853659,0.536585366
1991,35,47,23,18,12,29,0.56097561,0.292682927,0.426829268
1992,26,56,15,26,11,30,0.365853659,0.268292683,0.317073171
1993,25,57,15,26,10,31,0.365853659,0.243902439,0.304878049
1994,24,58,14,27,10,31,0.341463415,0.243902439,0.292682927
1995,18,64,11,30,7,34,0.268292683,0.170731707,0.219512195
1996,22,60,11,30,11,30,0.268292683,0.268292683,0.268292683
1997,31,51,19,22,12,29,0.463414634,0.292682927,0.37804878
1998,28,22,17,8,11,14,0.68,0.44,0.56
1999,49,33,29,12,20,21,0.707317073,0.487804878,0.597560976
2000,56,26,29,12,27,14,0.707317073,0.658536585,0.682926829
2001,43,39,22,19,21,20,0.536585366,0.512195122,0.524390244
2002,48,34,25,16,23,18,0.609756098,0.56097561,0.585365854
2003,33,49,21,20,12,29,0.512195122,0.292682927,0.402439024
2004,43,39,25,16,18,23,0.609756098,0.43902439,0.524390244
2005,38,44,23,18,15,26,0.56097561,0.365853659,0.463414634
2006,35,47,21,20,14,27,0.512195122,0.341463415,0.426829268
2007,40,42,22,19,18,23,0.536585366,0.43902439,0.487804878
2008,41,41,24,17,17,24,0.585365854,0.414634146,0.5
2009,27,55,12,29,15,26,0.292682927,0.365853659,0.329268293
2010,41,41,26,15,15,26,0.634146341,0.365853659,0.5
1950,40,26,29,3,10,22,0.90625,0.3125,0.606060606
1951,33,33,24,7,6,25,0.774193548,0.193548387,0.5
1952,12,57,4,13,1,28,0.235294118,0.034482759,0.173913043
1953,29,43,10,9,6,16,0.526315789,0.272727273,0.402777778
1954,33,39,16,5,4,19,0.761904762,0.173913043,0.458333333
1955,45,27,21,7,11,17,0.75,0.392857143,0.625
1956,37,35,26,5,5,26,0.838709677,0.161290323,0.513888889
1957,37,35,16,12,12,19,0.571428571,0.387096774,0.513888889
1958,32,40,17,9,7,24,0.653846154,0.225806452,0.444444444
1959,49,26,22,6,12,19,0.785714286,0.387096774,0.653333333
1960,46,33,23,6,12,21,0.793103448,0.363636364,0.582278481
1961,49,31,18,11,18,19,0.620689655,0.486486486,0.6125
1968,16,66,11,26,4,28,0.297297297,0.125,0.195121951
1969,39,43,22,15,12,25,0.594594595,0.324324324,0.475609756
1970,48,34,27,14,19,20,0.658536585,0.487179487,0.585365854
1971,49,33,30,11,19,20,0.731707317,0.487179487,0.597560976
1972,38,44,22,19,15,25,0.536585366,0.375,0.463414634
1973,30,52,24,17,6,34,0.585365854,0.15,0.365853659
1974,32,50,22,19,10,31,0.536585366,0.243902439,0.390243902
1975,42,40,27,14,15,26,0.658536585,0.365853659,0.512195122
1976,34,48,26,15,8,33,0.634146341,0.195121951,0.414634146
1977,49,33,34,7,15,26,0.829268293,0.365853659,0.597560976
1978,50,32,32,9,18,23,0.780487805,0.43902439,0.609756098
1979,55,27,36,5,19,22,0.87804878,0.463414634,0.670731707
1980,57,25,36,5,21,20,0.87804878,0.512195122,0.695121951
1981,46,36,31,10,15,26,0.756097561,0.365853659,0.56097561
1982,53,29,32,9,21,20,0.780487805,0.512195122,0.646341463
1983,41,41,31,10,10,31,0.756097561,0.243902439,0.5
1984,36,46,26,15,10,31,0.634146341,0.243902439,0.43902439
1985,32,50,23,18,9,32,0.56097561,0.219512195,0.390243902
1986,36,46,26,15,10,31,0.634146341,0.243902439,0.43902439
1987,28,54,22,19,6,35,0.536585366,0.146341463,0.341463415
1988,55,27,35,6,20,21,0.853658537,0.487804878,0.670731707
1989,54,28,32,9,22,19,0.780487805,0.536585366,0.658536585
1990,55,27,32,9,23,18,0.780487805,0.56097561,0.670731707
1991,53,29,36,5,17,24,0.87804878,0.414634146,0.646341463
1992,62,20,35,6,27,14,0.853658537,0.658536585,0.756097561
1993,56,26,36,5,20,21,0.87804878,0.487804878,0.682926829
1994,59,23,32,9,27,14,0.780487805,0.658536585,0.719512195
1995,41,41,25,16,16,25,0.609756098,0.390243902,0.5
1996,40,42,25,16,15,26,0.609756098,0.365853659,0.487804878
1997,56,26,30,11,26,15,0.731707317,0.634146341,0.682926829
1998,27,23,15,10,12,13,0.6,0.48,0.54
1999,53,29,32,9,21,20,0.780487805,0.512195122,0.646341463
2000,51,31,31,10,20,21,0.756097561,0.487804878,0.62195122
2001,36,46,23,18,13,28,0.56097561,0.317073171,0.43902439
2002,44,38,30,11,14,27,0.731707317,0.341463415,0.536585366
2003,29,53,18,23,11,30,0.43902439,0.268292683,0.353658537
2004,62,20,31,10,31,10,0.756097561,0.756097561,0.756097561
2005,54,28,31,10,23,18,0.756097561,0.56097561,0.658536585
2006,61,21,33,8,28,13,0.804878049,0.682926829,0.743902439
2007,55,27,30,11,25,16,0.731707317,0.609756098,0.670731707
2008,46,36,28,13,18,23,0.682926829,0.43902439,0.56097561
2009,54,28,32,9,22,19,0.780487805,0.536585366,0.658536585
2010,40,42,23,18,17,24,0.56097561,0.414634146,0.487804878
1970,29,53,18,21,9,26,0.461538462,0.257142857,0.353658537
1971,18,64,14,26,4,35,0.35,0.102564103,0.219512195
1972,21,61,13,28,8,32,0.317073171,0.2,0.256097561
1973,27,55,22,19,5,34,0.536585366,0.128205128,0.329268293
1974,38,44,28,13,10,31,0.682926829,0.243902439,0.463414634
1975,37,45,26,15,11,30,0.634146341,0.268292683,0.451219512
1976,49,33,35,6,14,27,0.853658537,0.341463415,0.597560976
1977,58,24,36,5,22,19,0.87804878,0.536585366,0.707317073
1978,45,37,33,8,12,29,0.804878049,0.292682927,0.548780488
1979,38,44,26,15,12,29,0.634146341,0.292682927,0.463414634
1980,45,37,30,11,15,26,0.731707317,0.365853659,0.548780488
1981,42,40,27,14,15,26,0.658536585,0.365853659,0.512195122
1982,46,36,31,10,15,26,0.756097561,0.365853659,0.56097561
1983,48,34,33,8,15,26,0.804878049,0.365853659,0.585365854
1984,42,40,30,11,12,29,0.731707317,0.292682927,0.512195122
1985,40,42,27,14,13,28,0.658536585,0.317073171,0.487804878
1986,49,33,34,7,15,26,0.829268293,0.365853659,0.597560976
1987,53,29,33,8,20,21,0.804878049,0.487804878,0.646341463
1988,39,43,28,13,11,30,0.682926829,0.268292683,0.475609756
1989,59,23,35,6,24,17,0.853658537,0.585365854,0.719512195
1990,63,19,36,5,27,14,0.87804878,0.658536585,0.768292683
1991,57,25,33,8,24,17,0.804878049,0.585365854,0.695121951
1992,51,31,30,11,21,20,0.731707317,0.512195122,0.62195122
1993,47,35,30,11,17,24,0.731707317,0.414634146,0.573170732
1994,44,38,26,15,18,23,0.634146341,0.43902439,0.536585366
1995,44,38,26,15,18,23,0.634146341,0.43902439,0.536585366
1996,49,33,29,12,20,21,0.707317073,0.487804878,0.597560976
1997,46,36,26,15,20,21,0.634146341,0.487804878,0.56097561
1998,35,15,22,3,13,12,0.88,0.52,0.7
1999,59,23,30,11,29,12,0.731707317,0.707317073,0.719512195
2000,50,32,28,13,22,19,0.682926829,0.536585366,0.609756098
2001,49,33,30,11,19,22,0.731707317,0.463414634,0.597560976
2002,50,32,27,14,23,18,0.658536585,0.56097561,0.609756098
2003,41,41,25,16,16,25,0.609756098,0.390243902,0.5
2004,27,55,18,23,9,32,0.43902439,0.219512195,0.329268293
2005,21,61,15,26,6,35,0.365853659,0.146341463,0.256097561
2006,32,50,18,23,14,27,0.43902439,0.341463415,0.390243902
2007,41,41,28,13,13,28,0.682926829,0.317073171,0.5
2008,54,28,34,7,20,21,0.829268293,0.487804878,0.658536585
2009,50,32,26,15,24,17,0.634146341,0.585365854,0.609756098
2010,48,34,30,11,18,23,0.731707317,0.43902439,0.585365854
1950,41,27,29,5,12,22,0.852941176,0.352941176,0.602941176
1951,41,25,28,5,12,18,0.848484848,0.4,0.621212121
1952,44,26,24,8,13,16,0.75,0.448275862,0.628571429
1953,44,28,18,10,12,15,0.642857143,0.444444444,0.611111111
1954,29,43,17,11,4,19,0.607142857,0.173913043,0.402777778
1955,31,41,15,14,7,21,0.517241379,0.25,0.430555556
1956,31,41,19,12,9,22,0.612903226,0.290322581,0.430555556
1985,37,45,25,16,12,29,0.609756098,0.292682927,0.451219512
1986,29,53,20,21,9,32,0.487804878,0.219512195,0.353658537
1987,24,58,19,22,5,36,0.463414634,0.12195122,0.292682927
1988,27,55,21,20,6,35,0.512195122,0.146341463,0.329268293
1989,23,59,16,25,7,34,0.390243902,0.170731707,0.280487805
1990,25,57,24,17,1,40,0.585365854,0.024390244,0.304878049
1991,29,53,21,20,8,33,0.512195122,0.195121951,0.353658537
1992,25,57,16,25,9,32,0.390243902,0.219512195,0.304878049
1993,28,54,20,21,8,33,0.487804878,0.195121951,0.341463415
1994,39,43,27,14,12,29,0.658536585,0.292682927,0.475609756
1995,39,43,26,15,13,28,0.634146341,0.317073171,0.475609756
1996,34,48,22,19,12,29,0.536585366,0.292682927,0.414634146
1997,27,55,21,20,6,35,0.512195122,0.146341463,0.329268293
1998,27,23,16,9,11,14,0.64,0.44,0.54
1999,44,38,30,11,14,27,0.731707317,0.341463415,0.536585366
2000,55,27,33,8,22,19,0.804878049,0.536585366,0.670731707
2001,61,21,36,5,25,16,0.87804878,0.609756098,0.743902439
2002,59,23,35,6,24,17,0.853658537,0.585365854,0.719512195
2003,55,27,34,7,21,20,0.829268293,0.512195122,0.670731707
2004,50,32,30,11,20,21,0.731707317,0.487804878,0.609756098
2005,44,38,27,14,17,24,0.658536585,0.414634146,0.536585366
2006,33,49,20,21,13,28,0.487804878,0.317073171,0.402439024
2007,38,44,26,15,12,29,0.634146341,0.292682927,0.463414634
2008,17,65,11,30,6,35,0.268292683,0.146341463,0.207317073
2009,25,57,18,23,7,34,0.43902439,0.170731707,0.304878049
2010,24,58,11,30,13,28,0.268292683,0.317073171,0.292682927
1976,44,38,31,10,13,28,0.756097561,0.317073171,0.536585366
1977,52,30,32,9,20,21,0.780487805,0.487804878,0.634146341
1978,48,34,29,12,19,22,0.707317073,0.463414634,0.585365854
1979,41,41,27,14,14,27,0.658536585,0.341463415,0.5
1980,52,30,34,7,18,23,0.829268293,0.43902439,0.634146341
1981,48,34,29,12,19,22,0.707317073,0.463414634,0.585365854
1982,53,29,31,10,22,19,0.756097561,0.536585366,0.646341463
1983,37,45,28,13,9,32,0.682926829,0.219512195,0.451219512
1984,41,41,30,11,11,30,0.731707317,0.268292683,0.5
1985,35,47,21,20,14,27,0.512195122,0.341463415,0.426829268
1986,28,54,21,20,7,34,0.512195122,0.170731707,0.341463415
1987,31,51,23,18,8,33,0.56097561,0.195121951,0.37804878
1988,21,61,18,23,3,38,0.43902439,0.073170732,0.256097561
1989,56,26,34,7,22,19,0.829268293,0.536585366,0.682926829
1990,55,27,33,8,22,19,0.804878049,0.536585366,0.670731707
1991,47,35,31,10,16,25,0.756097561,0.390243902,0.573170732
1992,49,33,31,10,18,23,0.756097561,0.43902439,0.597560976
1993,55,27,32,9,23,18,0.780487805,0.56097561,0.670731707
1994,62,20,33,8,29,12,0.804878049,0.707317073,0.756097561
1995,59,23,33,8,26,15,0.804878049,0.634146341,0.719512195
1996,20,62,12,29,8,33,0.292682927,0.195121951,0.243902439
1997,56,26,31,10,25,16,0.756097561,0.609756098,0.682926829
1998,37,13,21,4,16,9,0.84,0.64,0.74
1999,53,29,31,10,22,19,0.756097561,0.536585366,0.646341463
2000,58,24,33,8,25,16,0.804878049,0.609756098,0.707317073
2001,58,24,32,9,26,15,0.780487805,0.634146341,0.707317073
2002,60,22,33,8,27,14,0.804878049,0.658536585,0.731707317
2003,57,25,33,8,24,17,0.804878049,0.585365854,0.695121951
2004,59,23,38,3,21,20,0.926829268,0.512195122,0.719512195
2005,63,19,34,7,29,12,0.829268293,0.707317073,0.768292683
2006,58,24,31,10,27,14,0.756097561,0.658536585,0.707317073
2007,56,26,34,7,22,19,0.829268293,0.536585366,0.682926829
2008,54,28,28,13,26,15,0.682926829,0.634146341,0.658536585
2009,50,32,29,12,21,20,0.707317073,0.512195122,0.609756098
2010,61,21,36,5,25,16,0.87804878,0.609756098,0.743902439
1978,43,39,29,12,14,27,0.707317073,0.341463415,0.524390244
1979,35,47,24,17,11,30,0.585365854,0.268292683,0.426829268
1980,36,46,22,19,14,27,0.536585366,0.341463415,0.43902439
1981,17,65,11,30,6,35,0.268292683,0.146341463,0.207317073
1982,25,57,18,23,7,34,0.43902439,0.170731707,0.304878049
1983,30,52,25,16,5,36,0.609756098,0.12195122,0.365853659
1967,15,67,8,33,4,26,0.195121951,0.133333333,0.182926829
1968,37,45,25,16,8,25,0.609756098,0.242424242,0.451219512
1969,27,55,21,17,4,33,0.552631579,0.108108108,0.329268293
1970,40,42,24,15,15,26,0.615384615,0.365853659,0.487804878
1962,31,49,13,20,11,25,0.393939394,0.305555556,0.3875
1963,48,32,25,14,21,15,0.641025641,0.583333333,0.6
1964,17,63,10,26,5,31,0.277777778,0.138888889,0.2125
1965,35,45,12,14,8,19,0.461538462,0.296296296,0.4375
1966,44,37,18,10,11,19,0.642857143,0.366666667,0.543209877
1967,43,39,27,14,16,23,0.658536585,0.41025641,0.524390244
1968,41,41,22,19,18,21,0.536585366,0.461538462,0.5
1969,30,52,16,20,14,26,0.444444444,0.35,0.365853659
1970,41,41,20,18,19,21,0.526315789,0.475,0.5
1967,23,59,9,19,7,24,0.321428571,0.225806452,0.280487805
1968,30,52,18,18,6,29,0.5,0.171428571,0.365853659
1969,36,46,22,14,10,26,0.611111111,0.277777778,0.43902439
1970,38,44,27,13,11,30,0.675,0.268292683,0.463414634
1971,47,35,28,12,18,22,0.7,0.45,0.573170732
1972,26,56,16,25,10,29,0.390243902,0.256410256,0.317073171
1973,36,46,22,19,14,27,0.536585366,0.341463415,0.43902439
1974,43,39,24,17,19,22,0.585365854,0.463414634,0.524390244
1975,43,39,31,10,12,29,0.756097561,0.292682927,0.524390244
1976,40,42,27,14,13,28,0.658536585,0.317073171,0.487804878
1977,47,35,31,10,16,25,0.756097561,0.390243902,0.573170732
1978,52,30,31,10,21,20,0.756097561,0.512195122,0.634146341
1979,56,26,33,8,23,18,0.804878049,0.56097561,0.682926829
1980,34,48,22,19,12,29,0.536585366,0.292682927,0.414634146
1981,52,30,31,10,21,20,0.756097561,0.512195122,0.634146341
1982,48,34,29,12,19,22,0.707317073,0.463414634,0.585365854
1983,42,40,32,9,10,31,0.780487805,0.243902439,0.512195122
1984,31,51,20,21,11,30,0.487804878,0.268292683,0.37804878
1985,31,51,24,17,7,34,0.585365854,0.170731707,0.37804878
1986,39,43,25,16,14,27,0.609756098,0.341463415,0.475609756
1987,44,38,32,9,12,29,0.780487805,0.292682927,0.536585366
1988,47,35,31,10,16,25,0.756097561,0.390243902,0.573170732
1989,41,41,30,11,11,30,0.731707317,0.268292683,0.5
1990,41,41,28,13,13,28,0.682926829,0.317073171,0.5
1991,47,35,28,13,19,22,0.682926829,0.463414634,0.573170732
1992,55,27,33,8,22,19,0.804878049,0.536585366,0.670731707
1993,63,19,37,4,26,15,0.902439024,0.634146341,0.768292683
1994,57,25,32,9,25,16,0.780487805,0.609756098,0.695121951
1995,64,18,38,3,26,15,0.926829268,0.634146341,0.780487805
1996,57,25,31,10,26,15,0.756097561,0.634146341,0.695121951
1997,61,21,35,6,26,15,0.853658537,0.634146341,0.743902439
1998,25,25,17,8,8,17,0.68,0.32,0.5
1999,45,37,24,17,21,20,0.585365854,0.512195122,0.548780488
2000,44,38,26,15,18,23,0.634146341,0.43902439,0.536585366
2001,45,37,26,15,19,22,0.634146341,0.463414634,0.548780488
2002,40,42,25,16,15,26,0.609756098,0.365853659,0.487804878
2003,37,45,21,20,16,25,0.512195122,0.390243902,0.451219512
2004,52,30,26,15,26,15,0.634146341,0.634146341,0.634146341
2005,35,47,22,19,13,28,0.536585366,0.317073171,0.426829268
2006,31,51,20,21,11,30,0.487804878,0.268292683,0.37804878
2007,20,62,13,28,7,34,0.317073171,0.170731707,0.243902439
1955,33,39,16,10,10,17,0.615384615,0.37037037,0.458333333
1956,34,38,18,13,11,20,0.580645161,0.35483871,0.472222222
1957,41,31,23,8,9,19,0.741935484,0.321428571,0.569444444
1958,49,23,28,3,14,15,0.903225806,0.482758621,0.680555556
1959,46,29,28,5,12,20,0.848484848,0.375,0.613333333
1960,51,28,29,5,15,20,0.852941176,0.428571429,0.64556962
1961,29,51,19,16,7,27,0.542857143,0.205882353,0.3625
1962,48,32,30,7,13,18,0.810810811,0.419354839,0.6
1963,46,34,27,12,17,19,0.692307692,0.472222222,0.575
1964,45,35,26,14,15,17,0.65,0.46875,0.5625
1965,36,44,22,10,6,22,0.6875,0.214285714,0.45
1966,39,42,18,11,12,21,0.620689655,0.363636364,0.481481481
1967,56,26,25,7,22,13,0.78125,0.628571429,0.682926829
1950,32,34,24,9,8,25,0.727272727,0.242424242,0.484848485
1951,40,26,26,7,12,18,0.787878788,0.4,0.606060606
1952,47,24,32,2,10,19,0.941176471,0.344827586,0.661971831
1953,42,30,27,5,10,19,0.84375,0.344827586,0.583333333
1954,43,29,25,7,10,16,0.78125,0.384615385,0.597222222
1955,35,37,23,8,9,19,0.741935484,0.321428571,0.486111111
1956,38,34,22,9,12,19,0.709677419,0.387096774,0.527777778
1957,41,31,26,5,9,21,0.838709677,0.3,0.569444444
1958,35,37,19,12,12,17,0.612903226,0.413793103,0.486111111
1959,45,30,26,4,11,19,0.866666667,0.366666667,0.6
1960,38,41,19,9,8,21,0.678571429,0.275862069,0.481012658
1961,41,39,18,10,11,19,0.642857143,0.366666667,0.5125
1962,48,32,23,5,13,19,0.821428571,0.40625,0.6
1995,21,61,15,26,6,35,0.365853659,0.146341463,0.256097561
1996,30,52,18,23,12,29,0.43902439,0.292682927,0.365853659
1997,16,66,9,32,7,34,0.219512195,0.170731707,0.195121951
1998,23,27,14,11,9,16,0.56,0.36,0.46
1999,45,37,26,15,19,22,0.634146341,0.463414634,0.548780488
2000,47,35,27,14,20,21,0.658536585,0.487804878,0.573170732
2001,42,40,24,17,18,23,0.585365854,0.43902439,0.512195122
2002,24,58,15,26,9,32,0.365853659,0.219512195,0.292682927
2003,33,49,18,23,15,26,0.43902439,0.365853659,0.402439024
2004,33,49,22,19,11,30,0.536585366,0.268292683,0.402439024
2005,27,55,15,26,12,29,0.365853659,0.292682927,0.329268293
2006,47,35,30,11,17,24,0.731707317,0.414634146,0.573170732
2007,41,41,25,16,16,25,0.609756098,0.390243902,0.5
2008,33,49,18,23,15,26,0.43902439,0.365853659,0.402439024
2009,40,42,25,16,15,26,0.609756098,0.365853659,0.487804878
2010,22,60,16,25,6,35,0.390243902,0.146341463,0.268292683
1950,25,43,22,13,2,28,0.628571429,0.066666667,0.367647059
1979,24,58,17,24,7,34,0.414634146,0.170731707,0.292682927
1980,28,54,20,21,8,33,0.487804878,0.195121951,0.341463415
1981,25,57,18,23,7,34,0.43902439,0.170731707,0.304878049
1982,30,52,21,20,9,32,0.512195122,0.219512195,0.365853659
1983,45,37,31,10,14,27,0.756097561,0.341463415,0.548780488
1984,41,41,26,15,15,26,0.634146341,0.365853659,0.5
1985,42,40,27,14,15,26,0.658536585,0.365853659,0.512195122
1986,44,38,31,10,13,28,0.756097561,0.317073171,0.536585366
1987,47,35,33,8,14,27,0.804878049,0.341463415,0.573170732
1988,51,31,34,7,17,24,0.829268293,0.414634146,0.62195122
1989,55,27,36,5,19,22,0.87804878,0.463414634,0.670731707
1990,54,28,36,5,18,23,0.87804878,0.43902439,0.658536585
1991,55,27,37,4,18,23,0.902439024,0.43902439,0.670731707
1992,47,35,28,13,19,22,0.682926829,0.463414634,0.573170732
1993,53,29,33,8,20,21,0.804878049,0.487804878,0.646341463
1994,60,22,33,8,27,14,0.804878049,0.658536585,0.731707317
1995,55,27,34,7,21,20,0.829268293,0.512195122,0.670731707
1996,64,18,38,3,26,15,0.926829268,0.634146341,0.780487805
1997,62,20,36,5,26,15,0.87804878,0.634146341,0.756097561
1998,37,13,22,3,15,10,0.88,0.6,0.74
1999,55,27,31,10,24,17,0.756097561,0.585365854,0.670731707
2000,53,29,28,13,25,16,0.682926829,0.609756098,0.646341463
2001,44,38,25,16,19,22,0.609756098,0.463414634,0.536585366
2002,47,35,29,12,18,23,0.707317073,0.43902439,0.573170732
2003,42,40,28,13,14,27,0.682926829,0.341463415,0.512195122
2004,26,56,18,23,8,33,0.43902439,0.195121951,0.317073171
2005,41,41,22,19,19,22,0.536585366,0.463414634,0.5
2006,51,31,31,10,20,21,0.756097561,0.487804878,0.62195122
2007,54,28,37,4,17,24,0.902439024,0.414634146,0.658536585
2008,48,34,33,8,15,26,0.804878049,0.365853659,0.585365854
2009,53,29,32,9,21,20,0.780487805,0.512195122,0.646341463
2010,39,43,21,20,18,23,0.512195122,0.43902439,0.475609756
1995,15,67,10,31,5,36,0.243902439,0.12195122,0.182926829
1996,14,68,8,33,6,35,0.195121951,0.146341463,0.170731707
1997,19,63,14,27,5,36,0.341463415,0.12195122,0.231707317
1998,8,42,7,18,1,24,0.28,0.04,0.16
1999,22,60,12,29,10,31,0.292682927,0.243902439,0.268292683
2000,23,59,15,26,8,33,0.365853659,0.195121951,0.280487805
1974,60,22,36,5,24,17,0.87804878,0.585365854,0.731707317
1975,48,34,31,10,17,24,0.756097561,0.414634146,0.585365854
1976,48,34,32,9,16,25,0.780487805,0.390243902,0.585365854
1977,44,38,29,12,15,26,0.707317073,0.365853659,0.536585366
1978,54,28,31,10,23,18,0.756097561,0.56097561,0.658536585
1979,39,43,24,17,15,26,0.585365854,0.365853659,0.475609756
1980,39,43,26,15,13,28,0.634146341,0.317073171,0.475609756
1981,43,39,22,19,21,20,0.536585366,0.512195122,0.524390244
1982,42,40,27,14,15,26,0.658536585,0.365853659,0.512195122
1983,35,47,25,16,10,31,0.609756098,0.243902439,0.426829268
1984,40,42,28,13,12,29,0.682926829,0.292682927,0.487804878
1985,39,43,26,15,13,28,0.634146341,0.317073171,0.475609756
1986,42,40,27,14,15,26,0.658536585,0.365853659,0.512195122
1987,38,44,25,16,13,28,0.609756098,0.317073171,0.463414634
1988,40,42,30,11,10,31,0.731707317,0.243902439,0.487804878
1989,31,51,20,21,11,30,0.487804878,0.268292683,0.37804878
1990,30,52,21,20,9,32,0.512195122,0.219512195,0.365853659
1991,25,57,14,27,11,30,0.341463415,0.268292683,0.304878049
1992,22,60,15,26,7,34,0.365853659,0.170731707,0.268292683
1993,24,58,17,24,7,34,0.414634146,0.170731707,0.292682927
1994,21,61,13,28,8,33,0.317073171,0.195121951,0.256097561
1995,39,43,25,16,14,27,0.609756098,0.341463415,0.475609756
1996,44,38,25,16,19,22,0.609756098,0.463414634,0.536585366
1950,10,25,6,11,4,13,0.352941176,0.235294118,0.285714286
1997,42,40,24,17,18,23,0.585365854,0.43902439,0.512195122
1998,18,32,13,12,5,20,0.52,0.2,0.36
1999,29,53,17,24,12,29,0.414634146,0.292682927,0.353658537
2000,19,63,12,29,7,34,0.292682927,0.170731707,0.231707317
2001,37,45,22,19,15,26,0.536585366,0.365853659,0.451219512
2002,37,45,23,18,14,27,0.56097561,0.341463415,0.451219512
2003,25,57,17,24,8,33,0.414634146,0.195121951,0.304878049
2004,45,37,29,12,16,25,0.707317073,0.390243902,0.548780488
2005,42,40,27,14,15,26,0.658536585,0.365853659,0.512195122
2006,41,41,26,15,15,26,0.634146341,0.365853659,0.5
2007,43,39,25,16,18,23,0.609756098,0.43902439,0.524390244
2008,19,63,13,28,6,35,0.317073171,0.146341463,0.231707317
2009,26,56,15,26,11,30,0.365853659,0.268292683,0.317073171
2010,23,59,20,21,3,38,0.487804878,0.073170732,0.280487805
